URL,Size (bytes)
https://www.michelvigoureux.fr/,47322
https://www.michelvigoureux.fr/a-propos-de-moi,15904
https://www.michelvigoureux.fr/contact,15602
https://www.michelvigoureux.fr/python-seo/,23900
https://www.michelvigoureux.fr/python-seo/analyse-logs-secrets-robots-moteurs-recherche,32998
https://www.michelvigoureux.fr/python-seo/comment-installer-python-3-sur-ubuntu,27157
https://www.michelvigoureux.fr/python-seo/pourquoi-choisir-python-en-seo,31544
https://www.michelvigoureux.fr/python-seo/verification-des-codes-de-statut-des-urls-avec-python,23215
https://www.michelvigoureux.fr/seo-technique/,25375
https://www.michelvigoureux.fr/seo-technique/guide-installation-search-console-validation-dns,21947
https://www.michelvigoureux.fr/seo-technique/guide-seo-optimisation-brotli,29147
https://www.michelvigoureux.fr/seo-technique/les-robots-des-moteurs-de-recherche,28424
https://www.michelvigoureux.fr/seo-technique/optimisation-temps-reponse-serveur-seo,27386
https://www.michelvigoureux.fr/seo-technique/optimisation-url-seo,24120
https://www.michelvigoureux.fr/seo/,28695
https://www.michelvigoureux.fr/seo/ameliorer-la-vitesse-de-chargement-largest-contentful-paint-lcp,33022
https://www.michelvigoureux.fr/seo/analyse-volatilite-classement-mise-a-jour-google-aout-2023,24965
https://www.michelvigoureux.fr/seo/augmentez-votre-trafic-organique,32073
https://www.michelvigoureux.fr/seo/comprendre-l-importance-des-backlinks-en-seo,27589
https://www.michelvigoureux.fr/seo/decouvrir-l-operateur-site-google,28871
https://www.michelvigoureux.fr/seo/guide-complet-redaction-seo,34289
https://www.michelvigoureux.fr/seo/optimiser-core-web-vitals-classement-google,28786
